{
  "mean_compat": 0.4929962158203125,
  "mean_incompat": 0.574558675289154,
  "std_compat": 0.2127360701560974,
  "std_incompat": 0.17612618207931519,
  "margin": -0.08156245946884155,
  "effect_size": -0.41500183939933777,
  "p_value": 0.00046932782450912733,
  "accuracy": 0.3877551020408163,
  "precision": 0.4258064516129032,
  "recall": 0.42038216560509556,
  "f1": 0.4230769230769231,
  "auc": 0.3746338741921986,
  "false_positive_rate": 0.6496350364963503,
  "n_compat": 157,
  "n_incompat": 137,
  "threshold": 0.5,
  "n_umap_clusters": 17,
  "n_noise_points": 42
}