{
  "fine_tuned": {
    "margin": 0.9219009280204773,
    "effect_size": 7.08879280090332,
    "p_value": 4.580251404917996e-167,
    "accuracy": 0.9863945578231292,
    "precision": 0.9751552795031055,
    "recall": 1.0,
    "f1": 0.9874213836477987,
    "auc": 0.989213817471756,
    "false_positive_rate": 0.029197080291970802,
    "mean_compat": 0.9300457239151001,
    "mean_incompat": 0.008144773542881012
  },
  "baseline": {
    "margin": -0.08156245946884155,
    "effect_size": -0.41500183939933777,
    "p_value": 0.00046932782450912733,
    "accuracy": 0.3877551020408163,
    "precision": 0.4258064516129032,
    "recall": 0.42038216560509556,
    "f1": 0.4230769230769231,
    "auc": 0.3746338741921986,
    "false_positive_rate": 0.6496350364963503,
    "mean_compat": 0.4929962158203125,
    "mean_incompat": 0.574558675289154
  }
}